ProjectID,ProjectName,ClientID,Status,DurationMonths,Budget,ActualCost
1,User-centric uniform conglomeration,278,Ongoing,3,156620,138169
2,Automated solution-oriented framework,116,Ongoing,12,494592,358230
3,Secured bi-directional attitude,268,Pending,8,315742,110775
4,Pre-emptive optimal core,168,Ongoing,7,11437,171889
5,Open-architected object-oriented monitoring,433,Completed,18,158566,392563
6,Optional zero administration structure,136,Pending,4,123289,361042
7,Distributed bottom-line leverage,376,Completed,21,398723,78569
8,Up-sized empowering focus group,131,Pending,19,409807,334176
9,Upgradable composite time-frame,288,Completed,7,216626,421789
10,Innovative fault-tolerant core,454,Pending,24,84020,344685
11,Front-line didactic toolset,466,Ongoing,4,182822,194099
12,Exclusive asymmetric knowledgebase,222,Ongoing,13,452471,50254
13,De-engineered interactive capacity,327,Pending,7,71051,160354
14,Face-to-face composite analyzer,174,Ongoing,8,224608,287149
15,Implemented uniform toolset,394,Completed,7,475114,136701
16,User-friendly client-driven hardware,224,Completed,11,257204,227262
17,Persevering even-keeled migration,316,Pending,22,123567,390714
18,Proactive next generation synergy,136,Completed,20,286094,400156
19,Profound context-sensitive functionalities,121,Pending,20,176502,330697
20,Total tertiary encoding,201,Pending,21,466127,393731
21,Multi-layered user-facing data-warehouse,161,Completed,14,198221,28621
22,Centralized client-driven implementation,407,Ongoing,13,133572,268350
23,Digitized empowering knowledgebase,35,Pending,5,352902,70280
24,Distributed 24hour synergy,203,Completed,14,77433,189537
25,Synergistic value-added collaboration,478,Pending,12,86970,444860
26,Diverse asynchronous Graphical User Interface,169,Completed,18,428133,140843
27,Profit-focused dynamic matrices,381,Pending,19,305782,328875
28,Ergonomic full-range intranet,120,Ongoing,12,349838,121509
29,Horizontal exuding framework,156,Pending,15,385121,78625
30,Enhanced holistic portal,123,Completed,5,401780,64157
31,Proactive stable circuit,440,Ongoing,3,117595,295170
32,Advanced multimedia implementation,427,Ongoing,23,296394,416467
33,Optimized responsive interface,329,Completed,18,39150,421549
34,Organized well-modulated paradigm,362,Ongoing,22,349216,331159
35,Profound clear-thinking throughput,427,Ongoing,8,230625,273917
36,Mandatory grid-enabled archive,376,Pending,17,100504,87595
37,Horizontal systematic synergy,349,Pending,24,25861,160475
38,Optimized holistic alliance,479,Completed,23,137417,233928
39,Business-focused optimizing data-warehouse,247,Completed,18,248575,93354
40,Stand-alone value-added success,444,Ongoing,21,304988,300490
41,Switchable context-sensitive workforce,397,Ongoing,12,152843,445163
42,Decentralized attitude-oriented alliance,363,Completed,13,226293,70702
43,Customizable needs-based matrices,494,Pending,20,407903,162588
44,Inverse needs-based workforce,438,Pending,24,30105,475260
45,Cloned system-worthy capability,242,Ongoing,24,300997,22668
46,Switchable stable project,154,Completed,14,324852,125075
47,Multi-channeled needs-based info-mediaries,35,Completed,16,357777,255688
48,Programmable regional leverage,329,Pending,14,339355,238667
49,Ameliorated foreground time-frame,428,Completed,4,75902,181720
50,Open-source local analyzer,41,Completed,10,72162,248850
51,Mandatory secondary migration,77,Ongoing,11,82694,465825
52,Stand-alone client-driven frame,467,Pending,20,241485,383726
53,Configurable stable Graphical User Interface,445,Completed,16,175098,85437
54,Re-contextualized multi-state utilization,345,Ongoing,17,122290,288744
55,Realigned reciprocal customer loyalty,131,Completed,10,265796,126127
56,Total optimizing Graphical User Interface,154,Ongoing,6,433676,104309
57,Ergonomic empowering budgetary management,105,Completed,11,267879,462803
58,Function-based homogeneous standardization,113,Pending,18,346971,360030
59,Monitored 3rdgeneration parallelism,13,Ongoing,14,54141,446048
60,Open-source interactive hub,272,Pending,14,50007,435235
61,Diverse attitude-oriented superstructure,155,Ongoing,14,302507,82222
62,Streamlined attitude-oriented ability,163,Pending,17,45697,11610
63,Synergized bifurcated task-force,437,Completed,4,424989,167939
64,Operative real-time leverage,388,Pending,18,64332,139220
65,Realigned static info-mediaries,50,Ongoing,12,84563,443898
66,Sharable neutral adapter,136,Completed,12,95236,127799
67,Self-enabling full-range firmware,112,Completed,3,59373,339483
68,Polarized dynamic access,60,Ongoing,3,16325,364164
69,Advanced discrete hardware,351,Pending,16,389864,309482
70,Multi-channeled foreground framework,305,Ongoing,18,392515,24601
71,Managed client-server task-force,441,Completed,16,269796,141264
72,Organic bandwidth-monitored solution,220,Completed,3,243322,150926
73,Mandatory zero tolerance product,269,Ongoing,4,486573,173701
74,Inverse uniform instruction set,96,Completed,6,481016,461157
75,Ameliorated 24/7 pricing structure,92,Pending,18,114808,433123
76,Networked high-level analyzer,392,Ongoing,10,272614,127635
77,Synergized secondary project,88,Pending,11,104478,458644
78,Decentralized multi-state flexibility,5,Ongoing,7,352755,181881
79,Configurable heuristic paradigm,152,Completed,16,148690,152990
80,Persistent web-enabled challenge,227,Ongoing,11,250163,344686
81,Centralized scalable circuit,56,Completed,18,75176,267283
82,Phased incremental concept,288,Pending,15,242297,167292
83,Cross-platform actuating Graphical User Interface,420,Completed,14,367580,28137
84,Innovative system-worthy productivity,172,Completed,15,439205,301288
85,Focused client-driven knowledgebase,406,Pending,16,44088,273275
86,Inverse transitional middleware,394,Ongoing,14,84643,332321
87,Self-enabling object-oriented support,92,Completed,13,110899,435502
88,Progressive logistical protocol,492,Pending,15,408373,430365
89,Decentralized object-oriented middleware,350,Pending,7,287957,95917
90,Multi-channeled 5thgeneration array,5,Completed,12,162538,141961
91,Multi-lateral system-worthy alliance,211,Completed,13,343210,327739
92,Expanded next generation artificial intelligence,92,Pending,6,225569,17511
93,Exclusive systematic access,244,Pending,22,198226,340585
94,Triple-buffered multimedia task-force,422,Ongoing,24,306403,33232
95,Persevering optimal access,28,Completed,8,286228,290639
96,Synchronized mobile collaboration,232,Ongoing,5,451487,179418
97,Open-architected national knowledgebase,461,Ongoing,23,140204,377499
98,Stand-alone directional toolset,335,Completed,15,302485,360322
99,Progressive clear-thinking interface,498,Ongoing,18,172090,61650
100,Streamlined regional project,206,Pending,19,367345,282607
